id;name;image;image_content_type;description;image_size;format;date_of_create
1;Cambridgeshire International;../fake-data/blob/hipster.png;image/png;Dollar Spurs Front-line;fuchsia disintermediate;Harbors;2022-04-19
2;auxiliary Legacy;../fake-data/blob/hipster.png;image/png;fuchsia blockchains Steel;Synergistic quantify Clothing;vortals users;2022-04-19
3;circuit Utah port;../fake-data/blob/hipster.png;image/png;empower Administrator Customer;groupware optical Islands;flexibility;2022-04-19
4;Cotton;../fake-data/blob/hipster.png;image/png;web FTP;archive pixel optimize;Mouse navigate;2022-04-19
5;Pants Pitcairn;../fake-data/blob/hipster.png;image/png;Manager;SDD Leu;web-readiness National mindshare;2022-04-19
6;calculate;../fake-data/blob/hipster.png;image/png;Jewelery paradigm Cross-group;functionalities Security Account;models;2022-04-19
7;cross-platform HTTP Incredible;../fake-data/blob/hipster.png;image/png;deposit;Idaho;invoice protocol;2022-04-19
8;maroon time-frame;../fake-data/blob/hipster.png;image/png;Granite supply-chains;Missouri viral;scalable Handmade cultivate;2022-04-18
9;Island payment synthesizing;../fake-data/blob/hipster.png;image/png;CSS Account;Electronics SDD responsive;Cliffs;2022-04-19
10;Berkshire Kansas;../fake-data/blob/hipster.png;image/png;Cambridgeshire unleash;e-markets Future-proofed;alliance;2022-04-19
